{
  "prefectures": [
    {
      "english_name": "Hokkaido",
      "japanese_name": "北海道",
      "visited": false
    },
    {
      "english_name": "Aomori",
      "japanese_name": "青森県",
      "visited": false
    },
    {
      "english_name": "Iwate",
      "japanese_name": "岩手県",
      "visited": false
    },
    {
      "english_name": "Miyagi",
      "japanese_name": "宮城県",
      "visited": false
    },
    {
      "english_name": "Akita",
      "japanese_name": "秋田県",
      "visited": true,
      "dates_english": "October 21-23, 2022",
      "dates_japanese": "2022年10月21〜23日",
      "description_english": "",
      "description_japanese": "",
      "image_list": []
    },
    {
      "english_name": "Yamagata",
      "japanese_name": "山形県",
      "visited": false
    },
    {
      "english_name": "Fukushima",
      "japanese_name": "福島県",
      "visited": false
    },
    {
      "english_name": "Ibaraki",
      "japanese_name": "茨城県",
      "visited": false
    },
    {
      "english_name": "Tochigi",
      "japanese_name": "栃木県",
      "visited": false
    },
    {
      "english_name": "Gunma",
      "japanese_name": "群馬県",
      "visited": false
    },
    {
      "english_name": "Saitama",
      "japanese_name": "埼玉県",
      "visited": true,
      "dates_english": "December 3, 2022",
      "dates_japanese": "2022年12月3日",
      "description_english": "",
      "description_japanese": "",
      "image_list": []
    },
    {
      "english_name": "Chiba",
      "japanese_name": "千葉県",
      "visited": true,
      "dates_english": "December 22, 2022",
      "dates_japanese": "2022年12月22日",
      "description_english": "",
      "description_japanese": "",
      "image_list": []
    },
    {
      "english_name": "Tokyo",
      "japanese_name": "東京都",
      "visited": true,
      "dates_english": "",
      "dates_japanese": "",
      "description_english": "",
      "description_japanese": "",
      "image_list": []
    },
    {
      "english_name": "Kanagawa",
      "japanese_name": "神奈川県",
      "visited": true,
      "dates_english": "",
      "dates_japanese": "",
      "description_english": "",
      "description_japanese": "",
      "image_list": []
    },
    {
      "english_name": "Niigata",
      "japanese_name": "新潟県",
      "visited": false
    },
    {
      "english_name": "Toyama",
      "japanese_name": "富山県",
      "visited": true,
      "dates_english": "March 23, 2023",
      "dates_japanese": "2023年3月23日",
      "description_english": "",
      "description_japanese": "",
      "image_list": []
    },
    {
      "english_name": "Ishikawa",
      "japanese_name": "石川県",
      "visited": true,
      "dates_english": "March 22, 2023",
      "dates_japanese": "2023年3月22日",
      "description_english": "",
      "description_japanese": "",
      "image_list": []
    },
    {
      "english_name": "Fukui",
      "japanese_name": "福井県",
      "visited": true,
      "dates_english": "March 20-21, 2023",
      "dates_japanese": "2023年3月20〜21日",
      "description_english": "",
      "description_japanese": "",
      "image_list": []
    },
    {
      "english_name": "Yamanashi",
      "japanese_name": "山梨県",
      "visited": false
    },
    {
      "english_name": "Nagano",
      "japanese_name": "長野県",
      "visited": false
    },
    {
      "english_name": "Gifu",
      "japanese_name": "岐阜県",
      "visited": true,
      "dates_english": "February 12-16, 2023",
      "dates_japanese": "2023年2月12〜16日",
      "description_english": "",
      "description_japanese": "",
      "image_list": []
    },
    {
      "english_name": "Shizuoka",
      "japanese_name": "静岡県",
      "visited": true,
      "dates_english": "",
      "dates_japanese": "March 24-30, 2023",
      "description_english": "2023年3月24〜30日",
      "description_japanese": "",
      "image_list": []
    },
    {
      "english_name": "Aichi",
      "japanese_name": "愛知県",
      "visited": true,
      "dates_english": "February 9, 12, 16, 2023",
      "dates_japanese": "2023年2月9、12、16日",
      "description_english": "I stopped at Nagoya Station three times and all I did each time was eat lunch.",
      "description_japanese": "3回名古屋駅で降りたけど、毎回は昼ご飯のためだけだった。",
      "image_list": []
    },
    {
      "english_name": "Mie",
      "japanese_name": "三重県",
      "visited": false
    },
    {
      "english_name": "Shiga",
      "japanese_name": "滋賀県",
      "visited": true,
      "dates_english": "November 5, 2022; February 16-17, 2023",
      "dates_japanese": "2022年11月5日、2023年2月16〜17日",
      "description_english": "",
      "description_japanese": "",
      "image_list": []
    },
    {
      "english_name": "Kyoto",
      "japanese_name": "京都府",
      "visited": true,
      "dates_english": "November 1-6, 2022; February 27-March 1, 2023",
      "dates_japanese": "2022年11月1〜6日、2023年2月27日〜3月1日",
      "description_english": "",
      "description_japanese": "",
      "image_list": []
    },
    {
      "english_name": "Osaka",
      "japanese_name": "大阪府",
      "visited": true,
      "dates_english": "January 2-3, 5-6, 2023",
      "dates_japanese": "2023年1月2〜3日、5〜6日",
      "description_english": "",
      "description_japanese": "",
      "image_list": []
    },
    {
      "english_name": "Hyogo",
      "japanese_name": "兵庫県",
      "visited": true,
      "dates_english": "November 4, 2022",
      "dates_japanese": "2022年11月4日",
      "description_english": "",
      "description_japanese": "",
      "image_list": []
    },
    {
      "english_name": "Nara",
      "japanese_name": "奈良県",
      "visited": true,
      "dates_english": "November 3, 2022",
      "dates_japanese": "2022年11月3日",
      "description_english": "",
      "description_japanese": "",
      "image_list": []
    },
    {
      "english_name": "Wakayama",
      "japanese_name": "和歌山県",
      "visited": true,
      "dates_english": "February 9-12, 2023",
      "dates_japanese": "2023年2月9〜12日",
      "description_english": "",
      "description_japanese": "",
      "image_list": []
    },
    {
      "english_name": "Tottori",
      "japanese_name": "鳥取県",
      "visited": true,
      "dates_english": "March 17-20, 2023",
      "dates_japanese": "2023年3月17〜20日",
      "description_english": "",
      "description_japanese": "",
      "image_list": []
    },
    {
      "english_name": "Shimane",
      "japanese_name": "島根県",
      "visited": false
    },
    {
      "english_name": "Okayama",
      "japanese_name": "岡山県",
      "visited": true,
      "dates_english": "March 15, 17, 2023",
      "dates_japanese": "2023年3月15、17日",
      "description_english": "",
      "description_japanese": "",
      "image_list": []
    },
    {
      "english_name": "Hiroshima",
      "japanese_name": "広島県",
      "visited": true,
      "dates_english": "January 3-5, 2023",
      "dates_japanese": "2023年1月3〜5日",
      "description_english": "",
      "description_japanese": "",
      "image_list": []
    },
    {
      "english_name": "Yamaguchi",
      "japanese_name": "山口県",
      "visited": false
    },
    {
      "english_name": "Tokushima",
      "japanese_name": "徳島県",
      "visited": false
    },
    {
      "english_name": "Kagawa",
      "japanese_name": "香川県",
      "visited": true,
      "dates_english": "March 16-17, 2023",
      "dates_japanese": "2023年3月16〜17日",
      "description_english": "",
      "description_japanese": "",
      "image_list": []
    },
    {
      "english_name": "Ehime",
      "japanese_name": "愛媛県",
      "visited": false
    },
    {
      "english_name": "Kochi",
      "japanese_name": "高知県",
      "visited": false
    },
    {
      "english_name": "Fukuoka",
      "japanese_name": "福岡県",
      "visited": true,
      "dates_english": "March 7-9, 2023",
      "dates_japanese": "2023年3月7〜9日",
      "description_english": "",
      "description_japanese": "",
      "image_list": []
    },
    {
      "english_name": "Saga",
      "japanese_name": "佐賀県",
      "visited": false
    },
    {
      "english_name": "Nagasaki",
      "japanese_name": "長崎県",
      "visited": true,
      "dates_english": "March 12-15, 2023",
      "dates_japanese": "2023年3月12〜15日",
      "description_english": "",
      "description_japanese": "",
      "image_list": []
    },
    {
      "english_name": "Kumamoto",
      "japanese_name": "熊本県",
      "visited": true,
      "dates_english": "March 5-7, 2023",
      "dates_japanese": "2023年3月5〜7日",
      "description_english": "",
      "description_japanese": "",
      "image_list": []
    },
    {
      "english_name": "Oita",
      "japanese_name": "大分県",
      "visited": true,
      "dates_english": "March 9-12, 2023",
      "dates_japanese": "2023年3月9〜12日",
      "description_english": "",
      "description_japanese": "",
      "image_list": []
    },
    {
      "english_name": "Miyazaki",
      "japanese_name": "宮崎県",
      "visited": false
    },
    {
      "english_name": "Kagoshima",
      "japanese_name": "鹿児島県",
      "visited": true,
      "dates_english": "March 3-5, 2023",
      "dates_japanese": "2023年3月3〜5日",
      "description_english": "",
      "description_japanese": "",
      "image_list": []
    },
    {
      "english_name": "Okinawa",
      "japanese_name": "沖縄県",
      "visited": false
    }
  ]
}
